{"mAP50":0.9566016975428756,"_runtime":307,"mAP75":0.5454145566709439,"_wandb":{"runtime":307},"inference_ms":12.917286492595379,"mAP50-95":0.5478350836515942,"_timestamp":1.7764278376623504e+09,"_step":0,"precision":0.8960044293464086,"recall":0.9291547689470293,"f1":0.9122785445820913}